{
    "test_loss": 0.22000464797019958,
    "test_accuracy": 0.9333333333333333,
    "test_f1": 0.9552238805970149,
    "test_precision": 0.9411764705882353,
    "test_recall": 0.9696969696969697,
    "test_runtime": 4.0483,
    "test_samples_per_second": 11.116,
    "test_steps_per_second": 0.494
}