{
    "test_loss": 0.4454951286315918,
    "test_accuracy": 0.8150208623087621,
    "test_f1": 0.8080808080808081,
    "test_precision": 0.8722741433021807,
    "test_recall": 0.7526881720430108,
    "test_runtime": 6.3638,
    "test_samples_per_second": 112.983,
    "test_steps_per_second": 4.714
}