{
    "test_loss": 0.6328858733177185,
    "test_accuracy": 0.6522948539638387,
    "test_f1": 0.6105919003115264,
    "test_precision": 0.725925925925926,
    "test_recall": 0.5268817204301075,
    "test_runtime": 6.2396,
    "test_samples_per_second": 115.232,
    "test_steps_per_second": 4.808
}