{
    "test_loss": 0.3411390483379364,
    "test_accuracy": 0.9111111111111111,
    "test_f1": 0.9411764705882353,
    "test_precision": 0.9142857142857143,
    "test_recall": 0.9696969696969697,
    "test_runtime": 3.7173,
    "test_samples_per_second": 12.106,
    "test_steps_per_second": 0.538
}