{
    "test_loss": 0.20878469944000244,
    "test_accuracy": 0.8888888888888888,
    "test_f1": 0.9295774647887324,
    "test_precision": 0.868421052631579,
    "test_recall": 1.0,
    "test_runtime": 3.9133,
    "test_samples_per_second": 11.499,
    "test_steps_per_second": 0.511
}