{
    "test_loss": 0.5082466006278992,
    "test_accuracy": 0.7333333333333333,
    "test_f1": 0.8461538461538461,
    "test_precision": 0.7333333333333333,
    "test_recall": 1.0,
    "test_runtime": 5.5282,
    "test_samples_per_second": 8.14,
    "test_steps_per_second": 0.362
}