{
    "test_loss": 0.2362602800130844,
    "test_accuracy": 0.9111111111111111,
    "test_f1": 0.9393939393939394,
    "test_precision": 0.9393939393939394,
    "test_recall": 0.9393939393939394,
    "test_runtime": 3.7443,
    "test_samples_per_second": 12.018,
    "test_steps_per_second": 0.534
}