{
    "test_loss": 0.2521633505821228,
    "test_accuracy": 0.9111111111111111,
    "test_f1": 0.9428571428571428,
    "test_precision": 0.8918918918918919,
    "test_recall": 1.0,
    "test_runtime": 3.6449,
    "test_samples_per_second": 12.346,
    "test_steps_per_second": 0.549
}