{
    "test_loss": 0.3528577983379364,
    "test_accuracy": 0.9111111111111111,
    "test_f1": 0.9393939393939394,
    "test_precision": 0.9393939393939394,
    "test_recall": 0.9393939393939394,
    "test_runtime": 3.4348,
    "test_samples_per_second": 13.101,
    "test_steps_per_second": 0.582
}