{
    "test_loss": 0.2831369638442993,
    "test_accuracy": 0.8888888888888888,
    "test_f1": 0.9230769230769231,
    "test_precision": 0.9375,
    "test_recall": 0.9090909090909091,
    "test_runtime": 3.9033,
    "test_samples_per_second": 11.529,
    "test_steps_per_second": 0.512
}