{
    "test_loss": 0.5711153745651245,
    "test_accuracy": 0.7333333333333333,
    "test_f1": 0.8461538461538461,
    "test_precision": 0.7333333333333333,
    "test_recall": 1.0,
    "test_runtime": 3.6754,
    "test_samples_per_second": 12.244,
    "test_steps_per_second": 0.544
}